,Title,Links,Price,Product thumb
0,DirtyCoins Embroidered Varsity Jacket - Yellow/Black,https://bizweb.dktcdn.net/100/369/010/products/3-7ec443f1-b958-46ea-a17e-29205bfa1082.jpg?v=1637388888637,553000.0,"['https://bizweb.dktcdn.net/100/369/010/products/4-859aeaeb-96c3-44f0-b32f-fbc5bf115f3d.jpg?v=1637388888637', 'https://bizweb.dktcdn.net/100/369/010/products/1-dcdd097f-356c-4e9e-ae35-7809f9835f0d.jpg?v=1637388888637', 'https://bizweb.dktcdn.net/100/369/010/products/2-99fe09e9-b1c6-4671-b8c9-4d08dde46ae5.jpg?v=1637388888637', 'https://bizweb.dktcdn.net/100/369/010/products/10-82520687-1003-47cc-a44d-f5751b51228c.jpg?v=1637388888637', 'https://bizweb.dktcdn.net/100/369/010/products/5-fbff82c8-b5b3-4bd6-b848-87c62d80c3cc.jpg?v=1637388888637', 'https://bizweb.dktcdn.net/100/369/010/products/9-e40c90aa-2a74-47d0-86b4-89db44599b26.jpg?v=1637388888637', 'https://bizweb.dktcdn.net/100/369/010/products/7-ebbfde1e-fe25-4799-8a9d-4afd0a777d9c.jpg?v=1637388888637', 'https://bizweb.dktcdn.net/100/369/010/products/8-bacee989-5723-4b67-8325-097b38b32c50.jpg?v=1637388888637', 'https://bizweb.dktcdn.net/100/369/010/products/6-0e18c551-48b5-4d22-b001-61c9c1007b65.jpg?v=1637388888637']"
1,DirtyCoins Embroidered Varsity Jacket - Red/Black,https://bizweb.dktcdn.net/100/369/010/products/1-b811c6f2-b712-43f8-b112-ed06caa93a00.jpg?v=1624416721640,553000.0,"['https://bizweb.dktcdn.net/100/369/010/products/2-fed76580-a9b9-4491-b063-640799c18a6d.jpg?v=1624416721640', 'https://bizweb.dktcdn.net/100/369/010/products/3-1ec9ccb4-c28a-45a5-b100-e31ee1a02ebe.jpg?v=1624416721640', 'https://bizweb.dktcdn.net/100/369/010/products/4-eb33323d-105a-4890-ac00-b6c5b9e24bac.jpg?v=1624416721640', 'https://bizweb.dktcdn.net/100/369/010/products/1-597a0a6e-fa8b-4c20-9fd0-5b871af0bbc8.jpg?v=1624416721640', 'https://bizweb.dktcdn.net/100/369/010/products/22.jpg?v=1624416721640', 'https://bizweb.dktcdn.net/100/369/010/products/3-571330c6-ba7e-4b88-9c4b-d865ad812a22.jpg?v=1624416721640', 'https://bizweb.dktcdn.net/100/369/010/products/4-f360b644-817b-4653-96a9-975bea11afea.jpg?v=1624416721640', 'https://bizweb.dktcdn.net/100/369/010/products/5-5f29a397-07dc-42c3-8a21-3f202e24b194.jpg?v=1624416721640', 'https://bizweb.dktcdn.net/100/369/010/products/d6edf25a9d506a0e3341.jpg?v=1627470863903']"
2,DirtyCoins Graffiti Longsleeves - Black,https://bizweb.dktcdn.net/100/369/010/products/4-ef932f75-afb6-4fa6-a1e3-3de4a6325a93.jpg?v=1637835948507,315000.0,"['https://bizweb.dktcdn.net/100/369/010/products/3-f87d745e-c50a-4340-abda-66f8db26420e.jpg?v=1637835948507', 'https://bizweb.dktcdn.net/100/369/010/products/1-93195eb2-c06b-4a8a-a3f3-f5b29a2e81a3.jpg?v=1637835948507', 'https://bizweb.dktcdn.net/100/369/010/products/2-9b56f2da-d5b6-498c-a1d4-8db0feeffac0.jpg?v=1637835948507', 'https://bizweb.dktcdn.net/100/369/010/products/webmat-truoc-den.jpg?v=1637835948507', 'https://bizweb.dktcdn.net/100/369/010/products/webmat-sau-den.jpg?v=1637835948507', 'https://bizweb.dktcdn.net/100/369/010/products/img-9766-b.jpg?v=1637835948507', 'https://bizweb.dktcdn.net/100/369/010/products/img-9779-b.jpg?v=1637835948507', 'https://bizweb.dktcdn.net/100/369/010/products/img-9792-b.jpg?v=1637835948507', 'https://bizweb.dktcdn.net/100/369/010/products/img-9760-b.jpg?v=1637835948507']"
3,DirtyCoins Graffiti Longsleeves - Mustard,https://bizweb.dktcdn.net/100/369/010/products/lsyellow1.jpg?v=1637293012237,292500.0,"['https://bizweb.dktcdn.net/100/369/010/products/lsyellow2.jpg?v=1637293012237', 'https://bizweb.dktcdn.net/100/369/010/products/lsyellowbag2.jpg?v=1637293012237', 'https://bizweb.dktcdn.net/100/369/010/products/e9e1d1bc598d91d3c89c.jpg?v=1637293012237', 'https://bizweb.dktcdn.net/100/369/010/products/mat-sau.jpg?v=1637293012237', 'https://bizweb.dktcdn.net/100/369/010/products/img-9766.jpg?v=1637293012237', 'https://bizweb.dktcdn.net/100/369/010/products/img-9779.jpg?v=1637293012237', 'https://bizweb.dktcdn.net/100/369/010/products/img-9792.jpg?v=1637293012237', 'https://bizweb.dktcdn.net/100/369/010/products/img-9760.jpg?v=1637293012237']"
4,DirtyCoins Fukyba Tiedye T-Shirt - Green,https://bizweb.dktcdn.net/100/369/010/products/4-99bde77d-d05f-45b9-92bf-082b7348bea3.jpg?v=1631094762757,315000.0,"['https://bizweb.dktcdn.net/100/369/010/products/3-15307e63-7a28-46ea-a1d8-53e04940bbc6.jpg?v=1631094762757', 'https://bizweb.dktcdn.net/100/369/010/products/tiedyegreen1.jpg?v=1631094762757', 'https://bizweb.dktcdn.net/100/369/010/products/2-96926579-eef9-4d42-86ad-c58cff1a847e.jpg?v=1631094762757', 'https://bizweb.dktcdn.net/100/369/010/products/5-a178137b-5436-49a2-a08e-bae9716e1a70.jpg?v=1631094762757', 'https://bizweb.dktcdn.net/100/369/010/products/2-95d0ef22-b4d5-48e5-bb01-88496454efea.jpg?v=1631094762757']"
5,DirtyCoins Fukyba Tiedye T-Shirt - Pink,https://bizweb.dktcdn.net/100/369/010/products/tiedye1.jpg?v=1637293168030,315000.0,"['https://bizweb.dktcdn.net/100/369/010/products/tiedye2.jpg?v=1637293168030', 'https://bizweb.dktcdn.net/100/369/010/products/3-15c65851-2c0c-4e0b-992d-0884795b385b.jpg?v=1637293181100', 'https://bizweb.dktcdn.net/100/369/010/products/2-28bb1a20-8f78-4de4-bf9d-cb662974f72d.jpg?v=1637293181100']"
6,DirtyCoins Fukyba Tiedye T-Shirt - Grey,https://bizweb.dktcdn.net/100/369/010/products/4-2f8ba2db-ae1f-4a58-8aa4-681878dee109.jpg?v=1631082459000,315000.0,"['https://bizweb.dktcdn.net/100/369/010/products/tiedyegrey1.jpg?v=1631082459000', 'https://bizweb.dktcdn.net/100/369/010/products/tiedyegrey2.jpg?v=1631082459000', 'https://bizweb.dktcdn.net/100/369/010/products/1-85fa730b-da56-4f93-a334-575ea1521d38.jpg?v=1631082459000', 'https://bizweb.dktcdn.net/100/369/010/products/4-3f058493-4639-401b-b623-fa999bd36048.jpg?v=1631082459000', 'https://bizweb.dktcdn.net/100/369/010/products/2-bd81d672-7f12-469e-9025-e90378b344eb.jpg?v=1631082459000']"
7,DirtyCoins Basic Croptop Raglan - Yellow /Black,https://bizweb.dktcdn.net/100/369/010/products/2-cdb63572-253d-4f61-bf78-4413aa40d61e.jpg?v=1625287606927,240000.0,"['https://bizweb.dktcdn.net/100/369/010/products/3-61daeedb-06eb-4002-bd0f-ec92d965eef7.jpg?v=1625287606927', 'https://bizweb.dktcdn.net/100/369/010/products/4-1f5d83f4-b87d-447a-8308-8fb5d254d0f7.jpg?v=1625287606927', 'https://bizweb.dktcdn.net/100/369/010/products/1-ea30bc07-6270-4685-8839-b7c993ec80ca.jpg?v=1625287606927', 'https://bizweb.dktcdn.net/100/369/010/products/2-1fad2b47-6a09-4235-bb09-254cb07f497f.jpg?v=1625287606927', 'https://bizweb.dktcdn.net/100/369/010/products/1-9ab22d86-d8be-47de-9bef-6dd1b48c7fd1.jpg?v=1625287606927']"
8,DirtyCoins Basic Croptop Raglan - White /Red,https://bizweb.dktcdn.net/100/369/010/products/croptopwhie2.jpg?v=1637293560287,240000.0,"['https://bizweb.dktcdn.net/100/369/010/products/croptopwhie1.jpg?v=1637293560287', 'https://bizweb.dktcdn.net/100/369/010/products/3-af92aa68-f67b-40eb-aa24-436365510955.jpg?v=1637293560287', 'https://bizweb.dktcdn.net/100/369/010/products/4-b68f4d78-ac61-4680-bb11-1435f82b9c90.jpg?v=1637293560287']"
10,DirtyCoins Oops La T-Shirt,https://bizweb.dktcdn.net/100/369/010/products/oopsla-t-shirts-3-w.jpg?v=1608103978387,360000.0,['https://bizweb.dktcdn.net/100/369/010/products/oopsla-t-shirts-4-w.jpg?v=1608103978387']
11,DirtyCoins Basic Tee V3,https://bizweb.dktcdn.net/100/369/010/products/8-4b6213de-6016-4053-8ba1-a9c037f112ee.jpg?v=1631095300423,351000.0,"['https://bizweb.dktcdn.net/100/369/010/products/7-e1799014-4fe4-4a44-abf4-3490b0f6be9a.jpg?v=1631095300423', 'https://bizweb.dktcdn.net/100/369/010/products/2-3325877e-2e23-40aa-97c1-d7db8e83ea46.jpg?v=1631095300423', 'https://bizweb.dktcdn.net/100/369/010/products/6-64b48385-07c5-4216-8343-8ca301646543.jpg?v=1631095300423', 'https://bizweb.dktcdn.net/100/369/010/products/8-287f922d-fc19-427e-a3cc-9d4315bb73ec.jpg?v=1631095300423', 'https://bizweb.dktcdn.net/100/369/010/products/dirtycoins-basic-v3-2-w-916f13e3-9948-4f05-8ddf-8da66c73a4c5.jpg?v=1631095300423']"
12,Monarch Butterfly T-Shirt V2,https://bizweb.dktcdn.net/100/369/010/products/monarch-butterflys-cream-3-w-1646d894-43df-498e-be33-04ffab678cea.jpg?v=1615779086657,340000.0,"['https://bizweb.dktcdn.net/100/369/010/products/buomtan3.jpg?v=1615779086657', 'https://bizweb.dktcdn.net/100/369/010/products/buomtan4.jpg?v=1615779086657', 'https://bizweb.dktcdn.net/100/369/010/products/buomtan1.jpg?v=1615779086657', 'https://bizweb.dktcdn.net/100/369/010/products/monarch-butterflys-cream-3-w-1646d894-43df-498e-be33-04ffab678cea.jpg?v=1615779086657', 'https://bizweb.dktcdn.net/100/369/010/products/monarch-butterflys-cream-4-w-fe4a5639-a6af-4d8e-b6fb-a38039202dec.jpg?v=1615779086657']"
13,Monarch Butterfly T-shirt - Black,https://bizweb.dktcdn.net/100/369/010/products/monarch-butterflys-bla-3-w.jpg?v=1608048680480,360000.0,['https://bizweb.dktcdn.net/100/369/010/products/monarch-butterflys-bla-4-w.jpg?v=1608048680480']
14,Monarch Butterfly T-Shirt - White,https://bizweb.dktcdn.net/100/369/010/products/monarch-butterflys-white-7-w-5cf392f5-708c-4c29-8d32-cbc5fcdba4be.jpg?v=1614149675407,360000.0,"['https://bizweb.dktcdn.net/100/369/010/products/monarch-butterflys-bla-11-w.jpg?v=1609438542077', 'https://bizweb.dktcdn.net/100/369/010/products/monarch-butterflys-white-7-w-5cf392f5-708c-4c29-8d32-cbc5fcdba4be.jpg?v=1614149675407', 'https://bizweb.dktcdn.net/100/369/010/products/monarch-butterflys-white-8w.jpg?v=1614149675407']"
15,DirtyCoins Big Stripes T-shirt - Blue,https://bizweb.dktcdn.net/100/369/010/products/big-stripes-t-shirts-blu-1-w-60442463-23bc-4915-8864-e43958282efe.jpg?v=1608052112497,297500.0,['https://bizweb.dktcdn.net/100/369/010/products/big-stripes-t-shirts-blu-2-w-b77d7803-044f-4e4c-92fe-6647417f6ff7.jpg?v=1608052112497']
16,DirtyCoins Big Stripes T-shirt - Brown,https://bizweb.dktcdn.net/100/369/010/products/big-stripes-t-shirts-bro-1-w-64102c5f-cb6e-47f3-8a3b-ef5a1395a3cc.jpg?v=1608052029670,297500.0,['https://bizweb.dktcdn.net/100/369/010/products/big-stripes-t-shirts-bro-2-w-254c88ef-77cf-42df-9524-e52d507acb2f.jpg?v=1608052029670']
17,DirtyCoins Big Stripes T-shirt - Green,https://bizweb.dktcdn.net/100/369/010/products/big-stripes-t-shirts-gre-1-w-f8592e7e-3ab2-47bd-bd62-3b520d28b615.jpg?v=1615199593063,297500.0,['https://bizweb.dktcdn.net/100/369/010/products/big-stripes-t-shirts-gre-2-w-51cd03e1-3a3a-4a96-bbab-3b9c6ccaa5fd.jpg?v=1615199593063']
18,DirtyCoins Y Basic T-Shirt - Black,https://bizweb.dktcdn.net/100/369/010/products/embroidered-logo-t-shirts-black-1-w.jpg?v=1625300065233,331500.0,"['https://bizweb.dktcdn.net/100/369/010/products/2-9c695312-f820-4c56-a543-90088aaa2284.jpg?v=1625300065233', 'https://bizweb.dktcdn.net/100/369/010/products/3-6cfc39e3-542e-46e9-80e3-d3f498d50fd0.jpg?v=1625300065233', 'https://bizweb.dktcdn.net/100/369/010/products/4-5b5624a4-0ba4-475b-b3be-aed00d65098c.jpg?v=1625300065233', 'https://bizweb.dktcdn.net/100/369/010/products/embroidered-logo-t-shirts-black-1-w.jpg?v=1625300065233', 'https://bizweb.dktcdn.net/100/369/010/products/embroidered-logo-t-shirts-black-2-w.jpg?v=1625300065233', 'https://bizweb.dktcdn.net/100/369/010/products/embroidered-logo-t-shirts-black-3-w.jpg?v=1625300065233']"
19,DirtyCoins Y Basic T-Shirt - Lemon,https://bizweb.dktcdn.net/100/369/010/products/1-a6acffc5-bf32-4d56-be46-53a1baea02e4.jpg?v=1620702033447,331500.0,"['https://bizweb.dktcdn.net/100/369/010/products/2-4b3d4ad3-4909-40e0-a859-afc9ea75b133.jpg?v=1620702033447', 'https://bizweb.dktcdn.net/100/369/010/products/7-362ca29c-936a-4a7f-9c75-6c355d0c6875.jpg?v=1620702033447', 'https://bizweb.dktcdn.net/100/369/010/products/3-8ccbed7f-9e45-4e47-b897-7282eb34ceb0.jpg?v=1620702033447', 'https://bizweb.dktcdn.net/100/369/010/products/4-8368bf5c-c490-42ca-a7be-e2b68fd4926d.jpg?v=1620702033447', 'https://bizweb.dktcdn.net/100/369/010/products/5-76a493c8-24e6-4bc0-a7c0-675eb2028d07.jpg?v=1620702033447', 'https://bizweb.dktcdn.net/100/369/010/products/6-03a4600a-8fcb-48e9-980a-e3f9915d1e0c.jpg?v=1620702033447']"
20,DirtyCoins Y Basic T-Shirt - Taro,https://bizweb.dktcdn.net/100/369/010/products/5-7b7c32ba-4033-4501-b2e0-36baab2e2200.jpg?v=1620116576017,351000.0,"['https://bizweb.dktcdn.net/100/369/010/products/6-721102ad-0296-4971-99c9-a15bd518af67.jpg?v=1620116576017', 'https://bizweb.dktcdn.net/100/369/010/products/4-f392a796-2632-4c87-abaf-2d5e1034312d.jpg?v=1620116576017', 'https://bizweb.dktcdn.net/100/369/010/products/ea36cc6b0f31fa6fa320.jpg?v=1620116576017', 'https://bizweb.dktcdn.net/100/369/010/products/3-b9f3ba47-bf3d-4be3-a8f6-624cdb0edda1.jpg?v=1620116576017', 'https://bizweb.dktcdn.net/100/369/010/products/1-82f879ea-2be4-4dab-bae1-11b8120aa9f2.jpg?v=1620116576017', 'https://bizweb.dktcdn.net/100/369/010/products/2-4609c2b4-fb67-4aa8-b744-00272bfa2298.jpg?v=1620116576017']"
21,DirtyCoins Bandana T-Shirt - Black,https://bizweb.dktcdn.net/100/369/010/products/bandana-print-t-shirts-bla-4-w.jpg?v=1608025457550,280000.0,['https://bizweb.dktcdn.net/100/369/010/products/bandana-print-t-shirts-bla-4-w.jpg?v=1608025457550']
22,DirtyCoins Bandana T-Shirt - Brown,https://bizweb.dktcdn.net/100/369/010/products/bandana-print-t-shirts-bro-4-w.jpg?v=1608024053240,245000.0,['https://bizweb.dktcdn.net/100/369/010/products/bandana-print-t-shirts-bro-4-w.jpg?v=1608024053240']
23,DirtyCoins Graffiti Hoodie - Carrot,https://bizweb.dktcdn.net/100/369/010/products/dirtycoins-graffity-hoodie-car-1-w.jpg?v=1608712933233,400000.0,['https://bizweb.dktcdn.net/100/369/010/products/dirtycoins-graffity-hoodie-car-2-w.jpg?v=1608712933233']
24,Graffiti Hoodie - Purple,https://bizweb.dktcdn.net/100/369/010/products/dirtycoins-graffity-hoodie-pur-1-w.jpg?v=1615177246860,400000.0,"['https://bizweb.dktcdn.net/100/369/010/products/graffititim3.jpg?v=1615177246860', 'https://bizweb.dktcdn.net/100/369/010/products/graffititim2.jpg?v=1615177246860', 'https://bizweb.dktcdn.net/100/369/010/products/graffititim1.jpg?v=1615177246860', 'https://bizweb.dktcdn.net/100/369/010/products/dirtycoins-graffity-hoodie-pur-1-w.jpg?v=1615177246860', 'https://bizweb.dktcdn.net/100/369/010/products/dirtycoins-graffity-hoodie-pur-2-w.jpg?v=1615177246860']"
25,Embroidered patch T-Shirt - White,https://bizweb.dktcdn.net/100/369/010/products/teecaydua1.jpg?v=1637293592923,312000.0,"['https://bizweb.dktcdn.net/100/369/010/products/teecaydua2.jpg?v=1637293592923', 'https://bizweb.dktcdn.net/100/369/010/products/embroidered-patch-t-shirt-white.jpg?v=1637293592923', 'https://bizweb.dktcdn.net/100/369/010/products/embroidered-patch-t-shirt-white2.jpg?v=1637293592923', 'https://bizweb.dktcdn.net/100/369/010/products/5-9a28e476-8dcd-44c4-a76d-197d3afc0aee.jpg?v=1637293592923', 'https://bizweb.dktcdn.net/100/369/010/products/1-6b8f33dd-12f3-4515-8f98-e1a78d4319a6.jpg?v=1637293592923', 'https://bizweb.dktcdn.net/100/369/010/products/4-866d0648-6fe5-4487-be76-a796f3efca4b.jpg?v=1637293592923', 'https://bizweb.dktcdn.net/100/369/010/products/2-bf427a60-4e4d-4047-b2ef-799ae62a7a10.jpg?v=1637293592923', 'https://bizweb.dktcdn.net/100/369/010/products/3-025e2ff8-d513-4c7a-acd6-7bd7747d9088.jpg?v=1637293592923']"
26,Embroidered patch T-Shirt - Tan,https://bizweb.dktcdn.net/100/369/010/products/6-d2360edf-c9c5-4e15-947f-f0b0b99b82eb.jpg?v=1637752009547,273000.0,"['https://bizweb.dktcdn.net/100/369/010/products/7-7c3232c0-ef81-40ed-a4ea-d859092a463d.jpg?v=1637752009547', 'https://bizweb.dktcdn.net/100/369/010/products/ec55d48ce7c2129c4bd3.jpg?v=1637752009547', 'https://bizweb.dktcdn.net/100/369/010/products/embroidered-patch-t-shirt-tan2.jpg?v=1637752009547', 'https://bizweb.dktcdn.net/100/369/010/products/img-6594.jpg?v=1637752009547', 'https://bizweb.dktcdn.net/100/369/010/products/img-6582.jpg?v=1637752009547', 'https://bizweb.dktcdn.net/100/369/010/products/img-6585.jpg?v=1637752009547', 'https://bizweb.dktcdn.net/100/369/010/products/img-6587.jpg?v=1637752009547', 'https://bizweb.dktcdn.net/100/369/010/products/ccduma.jpg?v=1637752009547']"
27,X-Green Hoodie,https://bizweb.dktcdn.net/100/369/010/products/dirtycoins-cardigan-3-w.jpg?v=1608545966440,466650.0,['https://bizweb.dktcdn.net/100/369/010/products/dirtycoins-cardigan-4-w.jpg?v=1608545969333']
28,BOB T-shirt - Tan,https://bizweb.dktcdn.net/100/369/010/products/bob-t-shirts-tan-3-w.jpg?v=1608103670347,280000.0,['https://bizweb.dktcdn.net/100/369/010/products/bob-t-shirts-tan-4-w.jpg?v=1608103670347']
29,DirtyCoins Patchwork Bandana Shirt - Mars Red,https://bizweb.dktcdn.net/100/369/010/products/1-9e541e5b-8b87-4fc7-b81f-3f31437e50eb.jpg?v=1624359641667,392000.0,"['https://bizweb.dktcdn.net/100/369/010/products/2-c79827a1-d3d9-48bd-9da1-5dc37a975b95.jpg?v=1624359641667', 'https://bizweb.dktcdn.net/100/369/010/products/3-9d9c6f22-6d71-4880-bc3d-85afd740eae6.jpg?v=1624359641667', 'https://bizweb.dktcdn.net/100/369/010/products/4-8f82d319-cd1e-4d91-9605-9fc9995e9c97.jpg?v=1624359641667', 'https://bizweb.dktcdn.net/100/369/010/products/shopee-bandana-shirt-red-2.jpg?v=1624359641667', 'https://bizweb.dktcdn.net/100/369/010/products/shopee-bandana-shirt-red-1.jpg?v=1624359641667']"
30,DirtyCoins Patchwork Bandana Shirt - Moss Grey,https://bizweb.dktcdn.net/100/369/010/products/ngmac2.jpg?v=1627470920937,416500.0,"['https://bizweb.dktcdn.net/100/369/010/products/ngmac1.jpg?v=1627470920937', 'https://bizweb.dktcdn.net/100/369/010/products/4ecbe4758b7f7c21256e.jpg?v=1627470920937', 'https://bizweb.dktcdn.net/100/369/010/products/bandanablack.jpg?v=1627470920937', 'https://bizweb.dktcdn.net/100/369/010/products/bandanablack2.jpg?v=1627470920937']"
31,DirtyCoins Graffiti Sweatpants - Olive,https://bizweb.dktcdn.net/100/369/010/products/graffity-sweatsuit-olive-5-w-167b9bfa-0227-4069-a0ed-b8f085d55278.jpg?v=1637221179720,280000.0,['https://bizweb.dktcdn.net/100/369/010/products/graffity-sweatsuit-olive-6-w-280519a2-58cb-4572-8934-2bac842547be.jpg?v=1637221181487']
32,DirtyCoins Graffiti Sweater - Olive,https://bizweb.dktcdn.net/100/369/010/products/graffity-sweatsuit-olive-3-w-778fe025-f395-4064-b6e6-0b34c538f29c.jpg?v=1637221191850,280000.0,['https://bizweb.dktcdn.net/100/369/010/products/graffity-sweatsuit-olive-4-w-216ab3c1-ad42-40f8-b6ba-5eaf211731d2.jpg?v=1637221194020']
33,DirtyCoins Wally Wallet - Red,https://bizweb.dktcdn.net/100/369/010/products/1-dcde6fdc-9acf-47dd-83a9-ae5e0ec6c7d4.jpg?v=1631083806593,270000.0,"['https://bizweb.dktcdn.net/100/369/010/products/dirtycoins-wally-wallet-in-red-3-w.jpg?v=1631083806593', 'https://bizweb.dktcdn.net/100/369/010/products/2-01f63ed9-8abd-4f32-8a44-a3f1bbb89541.jpg?v=1631083806593', 'https://bizweb.dktcdn.net/100/369/010/products/dirtycoins-wally-wallet-in-red-4-w.jpg?v=1631083806593', 'https://bizweb.dktcdn.net/100/369/010/products/dc-walle-wallet-5-w.jpg?v=1631083806593']"
34,DirtyCoins Y Logo Zip Wallet - Red,https://bizweb.dktcdn.net/100/369/010/products/dirtycoins-y-logo-zip-wallet-red-1-w.jpg?v=1612178348833,472000.0,"['https://bizweb.dktcdn.net/100/369/010/products/dirtycoins-y-logo-zip-wallet-red-2-w.jpg?v=1612178350803', 'https://bizweb.dktcdn.net/100/369/010/products/dirtycoins-y-logo-zip-wallet-red-3-w.jpg?v=1612178352767']"
35,DirtyCoins Graffitee - White,https://bizweb.dktcdn.net/100/369/010/products/dirtycoins-grafitee-whi-3-w.jpg?v=1608056160657,331500.0,['https://bizweb.dktcdn.net/100/369/010/products/dirtycoins-grafitee-whi-4-w.jpg?v=1608056160657']
36,DirtyCoins Graffitee - Black,https://bizweb.dktcdn.net/100/369/010/products/dirtycoins-grafitee-bla-3-w.jpg?v=1615199840003,331500.0,"['https://bizweb.dktcdn.net/100/369/010/products/grafitee2.jpg?v=1615199840003', 'https://bizweb.dktcdn.net/100/369/010/products/grafitee3.jpg?v=1615199840003', 'https://bizweb.dktcdn.net/100/369/010/products/grafitee.jpg?v=1615199840003', 'https://bizweb.dktcdn.net/100/369/010/products/dirtycoins-grafitee-bla-3-w.jpg?v=1615199840003', 'https://bizweb.dktcdn.net/100/369/010/products/dirtycoins-grafitee-bla-4-w.jpg?v=1615199840003']"
37,DirtyCoins Graffitee - Brown,https://bizweb.dktcdn.net/100/369/010/products/dirtycoins-grafitee-bro-3-w.jpg?v=1608052733493,297500.0,['https://bizweb.dktcdn.net/100/369/010/products/dirtycoins-grafitee-bro-4-w.jpg?v=1608052733493']
38,DirtyCoins Graffitee - Pinegreen,https://bizweb.dktcdn.net/100/369/010/products/dirtycoins-grafitee-gre-3-w.jpg?v=1608052699950,297500.0,['https://bizweb.dktcdn.net/100/369/010/products/dirtycoins-grafitee-gre-4-w.jpg?v=1608052706047']
39,DirtyCoins Graffitee - Purple,https://bizweb.dktcdn.net/100/369/010/products/dirtycoins-grafitee-pur-3-w.jpg?v=1608048099237,297500.0,['https://bizweb.dktcdn.net/100/369/010/products/dirtycoins-grafitee-pur-4-w.jpg?v=1608048107480']
40,DirtyCoins Graffitee - Beige,https://bizweb.dktcdn.net/100/369/010/products/dirtycoins-grafitee-cre-3-w.jpg?v=1608887808983,297500.0,"['https://bizweb.dktcdn.net/100/369/010/products/dirtycoins-grafitee-cre-4b-w.jpg?v=1608887808983', 'https://bizweb.dktcdn.net/100/369/010/products/dirtycoins-grafitee-cre-3-w.jpg?v=1608887808983', 'https://bizweb.dktcdn.net/100/369/010/products/dirtycoins-grafitee-cre-4-w.jpg?v=1608887808983']"
41,Fukyba Basketball Shorts,https://bizweb.dktcdn.net/100/369/010/products/fukyba-basketball-shorts-1-w.jpg?v=1609916167317,331500.0,"['https://bizweb.dktcdn.net/100/369/010/products/fukyba-basketball-shorts-4-w.jpg?v=1609916167317', 'https://bizweb.dktcdn.net/100/369/010/products/fukyba-basketball-shorts-1-w.jpg?v=1609916167317', 'https://bizweb.dktcdn.net/100/369/010/products/fukyba-basketball-shorts-2-w.jpg?v=1609916167317']"
42,DirtyCoins On Top Trucker Hat - Tricolor,https://bizweb.dktcdn.net/100/369/010/products/dirtycoins-sot-trucker-cap-tri-5-w.jpg?v=1642077054883,273000.0,"['https://bizweb.dktcdn.net/100/369/010/products/dirtycoins-sot-trucker-cap-tri-1-w.jpg?v=1642077054883', 'https://bizweb.dktcdn.net/100/369/010/products/dirtycoins-sot-trucker-cap-tri-2-w.jpg?v=1642077054883', 'https://bizweb.dktcdn.net/100/369/010/products/dirtycoins-sot-trucker-cap-tri-4-w.jpg?v=1642077054883', 'https://bizweb.dktcdn.net/100/369/010/products/dirtycoins-sot-trucker-cap-tri-5-w.jpg?v=1642077054883', 'https://bizweb.dktcdn.net/100/369/010/products/dirtycoins-sot-trucker-cap-tri-6-w.jpg?v=1642077054883', 'https://bizweb.dktcdn.net/100/369/010/products/dirtycoins-sot-trucker-cap-tri-7-w.jpg?v=1642077054883']"
43,DirtyCoins Fukyba Monogram Polo Dress,https://bizweb.dktcdn.net/100/369/010/products/fukyba-monogram-polo-dress-1-w.jpg?v=1609437039097,320000.0,"['https://bizweb.dktcdn.net/100/369/010/products/fukyba-monogram-polo-dress-4-w.jpg?v=1609437039097', 'https://bizweb.dktcdn.net/100/369/010/products/fukyba-monogram-polo-dress-1-w.jpg?v=1609437039097', 'https://bizweb.dktcdn.net/100/369/010/products/fukyba-monogram-polo-dress-2-w.jpg?v=1609437039097']"
44,Light Blue Denim Snapback,https://bizweb.dktcdn.net/100/369/010/products/light-blue-denim-snapback-6-w.jpg?v=1608366489013,253500.0,"['https://bizweb.dktcdn.net/100/369/010/products/light-blue-denim-snapback-7-w.jpg?v=1608366491067', 'https://bizweb.dktcdn.net/100/369/010/products/light-blue-denim-snapback-8-w.jpg?v=1608366493170', 'https://bizweb.dktcdn.net/100/369/010/products/light-blue-denim-snapback-9-w.jpg?v=1608366495207', 'https://bizweb.dktcdn.net/100/369/010/products/light-blue-denim-snapback-9a-w.jpg?v=1608366497127']"
45,DirtyCoins Fukyba Monogram Hoodie,https://bizweb.dktcdn.net/100/369/010/products/dirtycoins-fukyba-hoodie-1-w-3e3ce064-7d73-442c-a1a0-40fd1f7c0272.jpg?v=1608289361207,413000.0,['https://bizweb.dktcdn.net/100/369/010/products/dirtycoins-fukyba-hoodie-2-w-66ac27ec-2f25-4eb2-b1a4-4f3ee04ea1c0.jpg?v=1608289361207']
46,Monarch Print Shirt - White,https://bizweb.dktcdn.net/100/369/010/products/monarch-print-shirt-whi-3-w.jpg?v=1608887087453,416500.0,"['https://bizweb.dktcdn.net/100/369/010/products/monarch-print-shirt-whi-3-w.jpg?v=1608887087453', 'https://bizweb.dktcdn.net/100/369/010/products/monarch-print-shirt-whi-4-w.jpg?v=1608887087453']"
47,DirtyCoins G Mask,https://bizweb.dktcdn.net/100/369/010/products/mask-a042be46-404e-4870-88cc-b51e71f5ac3e.jpg?v=1639103004513,34000.0,[]
48,Multicolor Monogram Shorts - White,https://bizweb.dktcdn.net/100/369/010/products/multicolor-monogram-bucket-shorts-whi-3-w.jpg?v=1608025369853,280000.0,['https://bizweb.dktcdn.net/100/369/010/products/multicolor-monogram-bucket-shorts-whi-4-w.jpg?v=1608025369853']
50,Peace Long Sleeve,https://bizweb.dktcdn.net/100/369/010/products/peace-longsleeve-6w.jpg?v=1615779137423,359200.0,"['https://bizweb.dktcdn.net/100/369/010/products/peace-longsleeve-7a-w.jpg?v=1615779137423', 'https://bizweb.dktcdn.net/100/369/010/products/peace-longsleeve-8-w.jpg?v=1615779137423', 'https://bizweb.dktcdn.net/100/369/010/products/peace-longsleeve-10a-w.jpg?v=1615779137423', 'https://bizweb.dktcdn.net/100/369/010/products/peace-longsleeve-9-w.jpg?v=1615779137423']"
51,DC Logo Beanie - Neon,https://bizweb.dktcdn.net/100/369/010/products/dirtycoins-logo-beanie-neo-3-w.jpg?v=1608099942137,208000.0,['https://bizweb.dktcdn.net/100/369/010/products/dirtycoins-logo-beanie-neo-4-w.jpg?v=1608099942137']
52,DirtyCoins Diamond OF Helmet,https://bizweb.dktcdn.net/100/369/010/products/9c258c71e88015de4c91.jpg?v=1625729341827,592500.0,"['https://bizweb.dktcdn.net/100/369/010/products/a61a46872576d8288167.jpg?v=1625729341827', 'https://bizweb.dktcdn.net/100/369/010/products/9c258c71e88015de4c91.jpg?v=1625729341827', 'https://bizweb.dktcdn.net/100/369/010/products/30db867be58a18d4419b.jpg?v=1625729341827', 'https://bizweb.dktcdn.net/100/369/010/products/f63062970166fc38a577.jpg?v=1625729341827', 'https://bizweb.dktcdn.net/100/369/010/products/3cc610bb744a8914d05b.jpg?v=1625729341827']"
53,DirtyCoins Headband - Black,https://bizweb.dktcdn.net/100/369/010/products/head-band-bla-1.jpg?v=1595590947003,60000.0,"['https://bizweb.dktcdn.net/100/369/010/products/head-band-bla-2.jpg?v=1595590949920', 'https://bizweb.dktcdn.net/100/369/010/products/head-band-bla-3.jpg?v=1595590973113']"
54,Monarch All Over Print Jacket,https://bizweb.dktcdn.net/100/369/010/products/monarch-all-over-print-jacket-3-w.jpg?v=1608520875553,325000.0,"['https://bizweb.dktcdn.net/100/369/010/products/17.jpg?v=1608520875553', 'https://bizweb.dktcdn.net/100/369/010/products/15.jpg?v=1608520875553', 'https://bizweb.dktcdn.net/100/369/010/products/16.jpg?v=1608520875553', 'https://bizweb.dktcdn.net/100/369/010/products/monarch-all-over-print-jacket-1-w-17c31f15-5c35-405f-aab3-3a2bb9b4b998.jpg?v=1608520875553', 'https://bizweb.dktcdn.net/100/369/010/products/monarch-all-over-print-jacket-2-w-29c5d2b2-20ed-43b1-b832-bac563fd6d3a.jpg?v=1608520875553']"
55,DirtyCoins Logo Pattern Bowler Bag - Olive,https://bizweb.dktcdn.net/100/369/010/products/logo-pattern-logo-bowlerbags-oli-1-w.jpg?v=1592471926783,714000.0,"['https://bizweb.dktcdn.net/100/369/010/products/logo-pattern-logo-bowlerbags-oli-2-w.jpg?v=1592471928647', 'https://bizweb.dktcdn.net/100/369/010/products/logo-pattern-logo-bowlerbags-oli-3-w.jpg?v=1592471930307', 'https://bizweb.dktcdn.net/100/369/010/products/logo-pattern-logo-bowlerbags-oli-4-w.jpg?v=1592471932053', 'https://bizweb.dktcdn.net/100/369/010/products/logo-pattern-logo-bowlerbags-oli-5-w.jpg?v=1592471933793']"
56,DirtyCoins Logo Pattern Bowler Bag - White,https://bizweb.dktcdn.net/100/369/010/products/d8f1d88d-0337-495d-acbe-f640acc1390c.jpg?v=1592656332630,594000.0,"['https://bizweb.dktcdn.net/100/369/010/products/pc-messenger-bag-whi-2-w.jpg?v=1592663034300', 'https://bizweb.dktcdn.net/100/369/010/products/pc-messenger-bag-whi-3-w.jpg?v=1592663036347', 'https://bizweb.dktcdn.net/100/369/010/products/pc-messenger-bag-whi-4-w.jpg?v=1592663038313', 'https://bizweb.dktcdn.net/100/369/010/products/pc-messenger-bag-whi-5-w.jpg?v=1592663040110']"
58,Dirtycoins logo tote bag,https://bizweb.dktcdn.net/100/369/010/products/dirtycoins-logo-tote-bags-1-w.jpg?v=1598677087573,160000.0,['https://bizweb.dktcdn.net/100/369/010/products/dirtycoins-logo-tote-bags-2-w.jpg?v=1598677089253']
